Unieke identificatie gemeten parameter,CASnummer,AQUO_Codes,AQUO_Omschrijving,ISC_Parameter,Geanalyseerde fractie,Unieke identificatie van de eenheid,grootheid_code,wadar_PARCode,hoedanigheid_code
1083,2921-88-2,C2yClprfs,ethylchloorpyrifos,Chloorpyrifos (Chloorpyrifos ethyl),NVT,µg/L,CONCTTE,C2yClprfs,NVT
1101,15972-60-8,alCl,alachloor,Alachloor,NVT,µg/L,CONCTTE,alCl,NVT
1103,309-00-2,aldn,aldrin,Aldrin,NVT,µg/L,CONCTTE,aldn,NVT
1107,1912-24-9,atzne,atrazine,Atrazine,NVT,µg/L,CONCTTE,atzne,NVT
1114,71-43-2,Ben,benzeen,Benzeen,NVT,µg/L,CONCTTE,Ben,NVT
1115,50-32-8,BaP,benzo(a)pyreen,Benzo (a) pyreen,NVT,µg/L,CONCTTE,BaP,OPGLT
1117,207-08-9,BkF,benzo(k)fluorantheen,Benzo (k) fluorantheen,NVT,µg/L,CONCTTE,BkF,OPGLT
1118,191-24-2,BghiPe,benzo(ghi)peryleen,Benzo (ghi) peryleen,NVT,µg/L,CONCTTE,BghiPe,OPGLT
1119,42576-02-3,bfnx,bifenox,bifenox,NVT,µg/L,CONCTTE,bfnx,NVT
1135,67-66-3,TClC1a,trichloormethaan (chloroform),Trichloormethaan,NVT,µg/L,CONCTTE,TClC1a,NVT
1140,52315-07-8,cypmtn,cypermethrin,cypermetrine,NVT,µg/L,CONCTTE,cypmtn,NVT
1144,72-54-8,44DDD,"4,4'-dichloordifenyldichloorethaan",DDD pp',NVT,µg/L,CONCTTE,44DDD,NVT
1146,72-55-9,44DDE,"4,4'-dichloordifenyldichlooretheen",DDE pp',NVT,µg/L,CONCTTE,44DDE,NVT
1147,789-02-6,24DDT,"2,4'-dichloordifenyltrichloorethaan",DDT op',NVT,µg/L,CONCTTE,24DDT,NVT
1148,50-29-3,44DDT,"4,4'-dichloordifenyltrichloorethaan",DDT pp',NVT,µg/L,CONCTTE,44DDT,NVT
1161,107-06-2,12DClC2a,"1,2-dichloorethaan","1,2-dichloorethaan",NVT,µg/L,CONCTTE,12DClC2a,NVT
1168,75-09-2,DClC1a,dichloormethaan,Dichloormethaan,NVT,µg/L,CONCTTE,DClC1a,NVT
1170,62-73-7,DClvs,dichloorvos,dichloorvos,NVT,µg/L,CONCTTE,DClvs,NVT
1172,115-32-2,Dcfl,dicofol,Dicofol,,,CONCTTE,Dcfl,OPGLT
1173,60-57-1,dieldn,dieldrin,Dieldrin,NVT,µg/L,CONCTTE,dieldn,NVT
1177,330-54-1,Durn,diuron,Diuron,NVT,µg/L,CONCTTE,Durn,NVT
1178,959-98-8,aedsfn,alfa-endosulfan,alfa-Endosulfan,NVT,µg/L,CONCTTE,aedsfn,NVT
1179,33213-65-9,bedsfn,beta-endosulfan,beta-Endosulfan,NVT,µg/L,CONCTTE,bedsfn,NVT
1181,72-20-8,endn,endrin,Endrin,NVT,µg/L,CONCTTE,endn,NVT
1191,206-44-0,Flu,fluorantheen,Fluorantheen,NVT,µg/L,CONCTTE,Flu,OPGLT
1197,76-44-8,HpCl,heptachloor,heptachloor,NVT,µg/L,CONCTTE,HpCl,OPGLT
1198,1024-57-3,cHpClepO,cis-heptachloorepoxide,heptachloorepoxide,NVT,µg/L,CONCTTE,cHpClepO,OPGLT
1199,118-74-1,HCB,hexachloorbenzeen,Hexachloorbenzeen,NVT,µg/L,CONCTTE,HCB,OPGLT
1200,319-84-6,aHCH,alfa-hexachloorcyclohexaan,alpha Hexachloorcyclohexaan,NVT,µg/L,CONCTTE,aHCH,NVT
1201,319-85-7,bHCH,beta-hexachloorcyclohexaan,beta Hexachloorcyclohexaan,NVT,µg/L,CONCTTE,bHCH,NVT
1202,319-86-8,dHCH,delta-hexachloorcyclohexaan,delta Hexachloorcyclohexaan,NVT,µg/L,CONCTTE,dHCH,NVT
1203,58-89-9,cHCH,gamma-hexachloorcyclohexaan (lindaan),gamma Hexachloorcyclohexaan (Lindaan),NVT,µg/L,CONCTTE,cHCH,NVT
1204,193-39-5,InP,"indeno(1,2,3-cd)pyreen",Indeno (123cd) pyreen,NVT,µg/L,CONCTTE,InP,OPGLT
1207,465-73-6,idn,isodrin,Isodrin,NVT,µg/L,CONCTTE,idn,NVT
1208,34123-59-6,iptrn,isoproturon,Isoproturon,NVT,µg/L,CONCTTE,iptrn,NVT
1235,87-86-5,PeClFol,pentachloorfenol,Pentachloorfenol,NVT,µg/L,CONCTTE,PeClFol,NVT
1263,122-34-9,simzne,simazine,Simazine,NVT,µg/L,CONCTTE,simzne,NVT
1269,886-50-0,terbtn,terbutrin,Terbutryne,NVT,µg/L,CONCTTE,terbtn,NVT
1272,127-18-4,T4ClC2e,tetrachlooretheen (per),Tetrachlooreth(yl)een,NVT,µg/L,CONCTTE,T4ClC2e,NVT
1276,56-23-5,T4ClC1a,tetrachloormethaan (tetra),Tetrachloormethaan,NVT,µg/L,CONCTTE,T4ClC1a,NVT
1283,120-82-1,124TClBen,"1,2,4-trichloorbenzeen","1,2,4 Trichloorbenzeen",NVT,µg/L,CONCTTE,124TClBen,NVT
1286,79-01-6,TClC2e,trichlooretheen (tri),Trichlooreth(yl)een,NVT,µg/L,CONCTTE,TClC2e,NVT
1289,1582-09-8,Tfrlne,trifluraline,Trifluraline,NVT,µg/L,CONCTTE,Tfrlne,NVT
1337,16887-00-6,Cl,chloride,Chloride,NVT,mg/L,CONCTTE,Cl,nf
1339,14797-65-0,NO2,nitriet,Nitriet NO2,NVT,mg/L N,CONCTTE,NO2,Nnf
1369,7440-38-2,As,arseen,Arseen  opgelost,nf,µg/L,CONCTTE,As,NVT
1369,7440-38-2,As,arseen,Arseen  opgelost,nf,µg/L,CONCTTE,As,nf
1379,7440-38-2,As,arseen,kobalt opgelost,nf,µg/L,CONCTTE,As,NVT
1379,7440-38-2,As,arseen,kobalt opgelost,nf,µg/L,CONCTTE,As,nf
1382,7439-92-1,Pb,lood,Lood (Pb) opgelost,nf,µg/L,CONCTTE,Pb,NVT
1382,7439-92-1,Pb,lood,Lood (Pb) opgelost,nf,µg/L,CONCTTE,Pb,nf
1386,7440-02-0,Ni,nikkel,Nikkel (Ni) opgelost,nf,µg/L,CONCTTE,Ni,NVT
1386,7440-02-0,Ni,nikkel,Nikkel (Ni) opgelost,nf,µg/L,CONCTTE,Ni,nf
1387,7439-97-6,Hg,kwik,Kwik (Hg) opgelost,nf,µg/L,CONCTTE,Hg,nf
1387,7439-97-6,Hg,kwik,Kwik (Hg) opgelost,nf,µg/L,CONCTTE,Hg,NVT
1388,7440-43-9,Cd,cadmium,Cadmium (Cd) opgelost,NVT,µg/L,CONCTTE,Cd,NVT
1388,7440-43-9,Cd,cadmium,Cadmium (Cd) opgelost,NVT,µg/L,CONCTTE,Cd,nf
1388,7440-43-9,Cd,cadmium,Cadmium (Cd) opgelost,nf,µg/L,CONCTTE,Cd,NVT
1388,7440-43-9,Cd,cadmium,Cadmium (Cd) opgelost,nf,µg/L,CONCTTE,Cd,nf
1392,7440-50-8,Cu,koper,koper (Cu) opgelost,nf,µg/L,CONCTTE,Cu,NVT
1392,7440-50-8,Cu,koper,koper (Cu) opgelost,nf,µg/L,CONCTTE,Cu,nf
1433,14265-44-2,PO4,fosfaat,Opgeloste orthofosfaten,nf,mg/L P,CONCTTE,PO4,Pnf
1439,479-61-8,CHLFa,chlorofyl-a,Chlorofyl a,NVT,µg/L,CONCTTE,CHLFa,NVT
1458,120-12-7,Ant,antraceen,Antraceen,NVT,µg/L,CONCTTE,Ant,OPGLT
1464,470-90-6,Clfvfs,chloorfenvinfos,Chloorfenvinfos,NVT,µg/L,CONCTTE,Clfvfs,NVT
1517,91-20-3,Naf,naftaleen,Naftaleen,NVT,µg/L,CONCTTE,Naf,NVT
1629,108-70-3,135TClBen,"1,3,5-trichloorbenzeen","1,3,5 Trichloorbenzeen",NVT,µg/L,CONCTTE,135TClBen,NVT
1630,87-61-6,123TClBen,"1,2,3-trichloorbenzeen","1,2,3 Trichloorbenzeen",NVT,µg/L,CONCTTE,123TClBen,NVT
1652,87-68-3,HxClbtDen,hexachloorbutadieen,Hexachloorbutadieen,NVT,µg/L,CONCTTE,HxClbtDen,OPGLT
1688,74070-46-5,acnfn,aclonifen,aclonifen,NVT,µg/L,CONCTTE,acnfn,NVT
1877,138261-41-3,imdcpd,imidacloprid,imidacloprid,NVT,µg/L,CONCTTE,imdcpd,NVT
1888,608-93-5,PeClBen,pentachloorbenzeen,Pentachloorbenzeen,NVT,µg/L,CONCTTE,PeClBen,NVT
1935,28159-98-0,irgrl,irgarol,cybutryne,NVT,µg/L,CONCTTE,irgrl,NVT
1959,140-66-9,4ttC8yFol,4-tertiair-octylfenol,"4-(1,1',3,3' - tetramethylbutyl)-fenol (Para-tert-octylfenol)",NVT,µg/L,CONCTTE,4ttC8yFol,NVT
2028,124495-18-7,quinoxfn,quinoxyfen,Quinoxyfen,NVT,µg/L,CONCTTE,quinoxfn,NVT
2879,36643-28-4,TC4ySn,tributyltin (kation),Verbindingen van tributyltin (Tributyltin kation),NVT,µg/L,CONCTTE,TC4ySn,NVT
2911,207122-15-4,PBDE154,"2,2',4,4',5,6'-hexabroomdifenylether","PBDE154 (2,2',4,4',5,6'-hexabroomdifenylether)",,,CONCTTE,PBDE154,NVT
2912,68631-49-2,PBDE153,"2,2',4,4',5,5'-hexabroomdifenylether","PBDE153 (2,2',4,4',5,5'-hexabroomdifenylether)",,,CONCTTE,PBDE153,OPGLT
2915,189084-64-8,PBDE100,"2,2',4,4',6-pentabroomdifenylether","PBDE100 (2,2',4,4',6-pentabroomdifenylether)",,,CONCTTE,PBDE100,OPGLT
2916,60348-60-9,PBDE99,"2,2',4,4',5-pentabroomdifenylether","PBDE99 (2,2',4,4',5-pentabroomdifenylether)",,,CONCTTE,PBDE99,OPGLT
2919,5436-43-1,PBDE47,"2,2',4,4'-tetrabroomdifenylether","PBDE47 (2,2',4,4'-tetrabroomdifenylether)",,,CONCTTE,PBDE47,OPGLT
2920,41318-75-6,PBDE28,"2,4,4'-tribroomdifenylether","PBDE28 (2,4,4'-tribroomdifenylether)",,,CONCTTE,PBDE28,OPGLT
5347,335-67-1,PFOA,perfluoroctaanzuur,PFOA,NVT,µg/L,CONCTTE,PFOA,OPGLT
5978,307-24-4,PFHxA,perfluorhexaanzuur,PFHxA,NVT,µg/L,CONCTTE,PFHxA,OPGLT
5979,2706-90-3,PFPA,perfluorpentaanzuur,PFPeA,NVT,µg/L,CONCTTE,PFPA,OPGLT
6616,117-81-7,DEHP,bis(2-ethylhexyl)ftalaat (DEHP),Di(2-ethylhexyl)ftalaat DEHP,NVT,µg/L,CONCTTE,DEHP,NVT
6830,355-46-4,L_PFHxS,perfluorhexaansulfonzuur,PFHxS,NVT,µg/L,CONCTTE,L_PFHxS,OPGLT
7073,16984-48-8,F,fluoride,Anorganische fluoriden = fluoride opgelost,nf,mg/L,CONCTTE,F,NVT
